{"stats":{"minecraft:mined":{"minecraft:short_grass":55,"minecraft:grass_block":8,"minecraft:dirt":2,"minecraft:oak_leaves":7},"minecraft:used":{"minecraft:dirt":2,"minecraft:white_bed":2},"minecraft:picked_up":{"minecraft:wheat_seeds":4,"minecraft:porkchop":1,"minecraft:mutton":3,"minecraft:white_wool":2,"minecraft:dirt":2},"minecraft:custom":{"minecraft:time_since_rest":5785,"minecraft:crouch_one_cm":216,"minecraft:play_time":26684,"minecraft:sprint_one_cm":105,"minecraft:damage_taken":10,"minecraft:walk_one_cm":41405,"minecraft:sneak_time":115,"minecraft:walk_under_water_one_cm":1355,"minecraft:mob_kills":3,"minecraft:jump":197,"minecraft:damage_dealt":310,"minecraft:leave_game":4,"minecraft:walk_on_water_one_cm":497,"minecraft:time_since_death":26684,"minecraft:sleep_in_bed":2,"minecraft:total_world_time":26684,"minecraft:swim_one_cm":954,"minecraft:fall_one_cm":2719,"minecraft:fly_one_cm":1936},"minecraft:killed":{"minecraft:sheep":2,"minecraft:pig":1}},"DataVersion":3953}