{"stats":{"minecraft:killed_by":{"minecraft:spider":1},"minecraft:mined":{"minecraft:short_grass":3,"minecraft:grass_block":7,"minecraft:white_bed":2,"minecraft:oak_leaves":1},"minecraft:used":{"minecraft:dirt":3,"minecraft:oak_sapling":1,"minecraft:white_bed":1},"minecraft:picked_up":{"minecraft:white_bed":2,"minecraft:oak_sapling":1,"minecraft:dirt":3},"minecraft:custom":{"minecraft:time_since_rest":2287,"minecraft:play_time":16819,"minecraft:sprint_one_cm":5367,"minecraft:deaths":2,"minecraft:damage_taken":375,"minecraft:walk_one_cm":23959,"minecraft:sneak_time":6,"minecraft:walk_under_water_one_cm":2007,"minecraft:jump":188,"minecraft:damage_dealt":60,"minecraft:leave_game":2,"minecraft:walk_on_water_one_cm":700,"minecraft:time_since_death":2248,"minecraft:sleep_in_bed":1,"minecraft:total_world_time":16819,"minecraft:swim_one_cm":2789,"minecraft:player_kills":1,"minecraft:fall_one_cm":7977,"minecraft:fly_one_cm":25005}},"DataVersion":3953}