{"stats":{"minecraft:custom":{"minecraft:jump":36,"minecraft:time_since_rest":31453,"minecraft:play_time":31453,"minecraft:leave_game":2,"minecraft:sprint_one_cm":4302,"minecraft:damage_taken":75,"minecraft:time_since_death":31453,"minecraft:walk_one_cm":5352,"minecraft:total_world_time":31453,"minecraft:fall_one_cm":418,"minecraft:fly_one_cm":4563},"minecraft:mined":{"minecraft:short_grass":5,"minecraft:grass_block":4,"minecraft:dirt":7},"minecraft:picked_up":{"minecraft:wheat_seeds":1,"minecraft:dirt":11},"minecraft:used":{"minecraft:dirt":9}},"DataVersion":3953}